<?xml version="1.0" encoding="UTF-8" standalone="yes"?>
<addon id="repository.wizard19" name="wizard19-tv" version="1.0.0" provider-name="wizard">
	<extension point="xbmc.addon.repository" name="wizard">
		<info compressed="false">https://rock.seedhost.eu/kcat123/New-Dragon-K19/Repo/addons.xml</info>
		<checksum>https://rock.seedhost.eu/kcat123/New-Dragon-K19/Repo/addons.xml.md5</checksum>
		<datadir zip="true">https://rock.seedhost.eu/kcat123/New-Dragon-K19/Repo/</datadir>
	</extension>
	<extension point="xbmc.addon.metadata">
		<summary>wt</summary>
		<description>THE MOST KODI</description>
		<platform>all</platform>
			<assets>
			<icon>icon.png</icon>
			<fanart>fanart.jpg</fanart>
			</assets>
	</extension>
</addon>